"design_id","design_name","package","price_inr","price_usd","preview_url","image_url","rsvp_included","ad_headline","ad_text"
"1","Marigold Bhavan","Premium","1999","29","https://invitestory.in/?design=marigold-bhavan&utm_source=meta&utm_medium=paid_social&utm_campaign=design_remarketing&utm_content=marigold-bhavan","https://invitestory.in/assets/preview/1.png","WhatsApp RSVP","Marigold Bhavan, made for your wedding","Still imagining your wedding in Marigold Bhavan? Open the live invitation again. Personalized by our team for ₹1,999, with music, venue directions and WhatsApp RSVP. First draft within 48h. Delivery starts after payment and complete details."
"3","Toran Telugu","Premium","1999","29","https://invitestory.in/?design=toran-telugu&utm_source=meta&utm_medium=paid_social&utm_campaign=design_remarketing&utm_content=toran-telugu","https://invitestory.in/assets/preview/2.png","WhatsApp RSVP","Toran Telugu, made for your wedding","Still imagining your wedding in Toran Telugu? Open the live invitation again. Personalized by our team for ₹1,999, with music, venue directions and WhatsApp RSVP. First draft within 48h. Delivery starts after payment and complete details."
"5","Shubha Vivaham","Premium","1999","29","https://invitestory.in/?design=shubha-vivaham&utm_source=meta&utm_medium=paid_social&utm_campaign=design_remarketing&utm_content=shubha-vivaham","https://invitestory.in/assets/preview/3.png","WhatsApp RSVP","Shubha Vivaham, made for your wedding","Still imagining your wedding in Shubha Vivaham? Open the live invitation again. Personalized by our team for ₹1,999, with music, venue directions and WhatsApp RSVP. First draft within 48h. Delivery starts after payment and complete details."
"6","Kalyana Mandapam","Premium","1999","29","https://invitestory.in/?design=kalyana-mandapam&utm_source=meta&utm_medium=paid_social&utm_campaign=design_remarketing&utm_content=kalyana-mandapam","https://invitestory.in/assets/preview/4.png","WhatsApp RSVP","Kalyana Mandapam, made for your wedding","Still imagining your wedding in Kalyana Mandapam? Open the live invitation again. Personalized by our team for ₹1,999, with music, venue directions and WhatsApp RSVP. First draft within 48h. Delivery starts after payment and complete details."
"7","Sage Parchment","Premium","1999","29","https://invitestory.in/?design=sage-parchment&utm_source=meta&utm_medium=paid_social&utm_campaign=design_remarketing&utm_content=sage-parchment","https://invitestory.in/assets/preview/5.png","WhatsApp RSVP","Sage Parchment, made for your wedding","Still imagining your wedding in Sage Parchment? Open the live invitation again. Personalized by our team for ₹1,999, with music, venue directions and WhatsApp RSVP. First draft within 48h. Delivery starts after payment and complete details."
"29","Seashell Vows","Premium","1999","29","https://invitestory.in/?design=seashell-vows&utm_source=meta&utm_medium=paid_social&utm_campaign=design_remarketing&utm_content=seashell-vows","https://invitestory.in/assets/preview/29.png","WhatsApp RSVP","Seashell Vows, made for your wedding","Still imagining your wedding in Seashell Vows? Open the live invitation again. Personalized by our team for ₹1,999, with music, venue directions and WhatsApp RSVP. First draft within 48h. Delivery starts after payment and complete details."
"8","Emerald Nikah","Premium","1999","29","https://invitestory.in/?design=emerald-nikah&utm_source=meta&utm_medium=paid_social&utm_campaign=design_remarketing&utm_content=emerald-nikah","https://invitestory.in/assets/preview/6.png","WhatsApp RSVP","Emerald Nikah, made for your wedding","Still imagining your wedding in Emerald Nikah? Open the live invitation again. Personalized by our team for ₹1,999, with music, venue directions and WhatsApp RSVP. First draft within 48h. Delivery starts after payment and complete details."
"9","Noor-e-Zahra","Premium","1999","29","https://invitestory.in/?design=noor-e-zahra&utm_source=meta&utm_medium=paid_social&utm_campaign=design_remarketing&utm_content=noor-e-zahra","https://invitestory.in/assets/preview/7.png","WhatsApp RSVP","Noor-e-Zahra, made for your wedding","Still imagining your wedding in Noor-e-Zahra? Open the live invitation again. Personalized by our team for ₹1,999, with music, venue directions and WhatsApp RSVP. First draft within 48h. Delivery starts after payment and complete details."
"10","Royal Reception","Premium","1999","29","https://invitestory.in/?design=royal-reception&utm_source=meta&utm_medium=paid_social&utm_campaign=design_remarketing&utm_content=royal-reception","https://invitestory.in/assets/preview/8.png","WhatsApp RSVP","Royal Reception, made for your wedding","Still imagining your wedding in Royal Reception? Open the live invitation again. Personalized by our team for ₹1,999, with music, venue directions and WhatsApp RSVP. First draft within 48h. Delivery starts after payment and complete details."
"11","Kerala Sands","Premium","1999","29","https://invitestory.in/?design=kerala-sands&utm_source=meta&utm_medium=paid_social&utm_campaign=design_remarketing&utm_content=kerala-sands","https://invitestory.in/assets/preview/9.png","WhatsApp RSVP","Kerala Sands, made for your wedding","Still imagining your wedding in Kerala Sands? Open the live invitation again. Personalized by our team for ₹1,999, with music, venue directions and WhatsApp RSVP. First draft within 48h. Delivery starts after payment and complete details."
"12","Meadow Nikah","Premium","1999","29","https://invitestory.in/?design=meadow-nikah&utm_source=meta&utm_medium=paid_social&utm_campaign=design_remarketing&utm_content=meadow-nikah","https://invitestory.in/assets/preview/10.png","WhatsApp RSVP","Meadow Nikah, made for your wedding","Still imagining your wedding in Meadow Nikah? Open the live invitation again. Personalized by our team for ₹1,999, with music, venue directions and WhatsApp RSVP. First draft within 48h. Delivery starts after payment and complete details."
"13","Grand Line Voyage","Premium","1999","29","https://invitestory.in/?design=grand-line-voyage&utm_source=meta&utm_medium=paid_social&utm_campaign=design_remarketing&utm_content=grand-line-voyage","https://invitestory.in/assets/preview/11.png","WhatsApp RSVP","Grand Line Voyage, made for your wedding","Still imagining your wedding in Grand Line Voyage? Open the live invitation again. Personalized by our team for ₹1,999, with music, venue directions and WhatsApp RSVP. First draft within 48h. Delivery starts after payment and complete details."
"14","Ghibli Selfie","Premium","1999","29","https://invitestory.in/?design=ghibli-selfie&utm_source=meta&utm_medium=paid_social&utm_campaign=design_remarketing&utm_content=ghibli-selfie","https://invitestory.in/assets/preview/12.png","WhatsApp RSVP","Ghibli Selfie, made for your wedding","Still imagining your wedding in Ghibli Selfie? Open the live invitation again. Personalized by our team for ₹1,999, with music, venue directions and WhatsApp RSVP. First draft within 48h. Delivery starts after payment and complete details."
"15","Ghibli Portrait","Premium","1999","29","https://invitestory.in/?design=ghibli-portrait&utm_source=meta&utm_medium=paid_social&utm_campaign=design_remarketing&utm_content=ghibli-portrait","https://invitestory.in/assets/preview/13.png","WhatsApp RSVP","Ghibli Portrait, made for your wedding","Still imagining your wedding in Ghibli Portrait? Open the live invitation again. Personalized by our team for ₹1,999, with music, venue directions and WhatsApp RSVP. First draft within 48h. Delivery starts after payment and complete details."
"17","Ivory Waltz","Premium","1999","29","https://invitestory.in/?design=ivory-waltz&utm_source=meta&utm_medium=paid_social&utm_campaign=design_remarketing&utm_content=ivory-waltz","https://invitestory.in/assets/preview/15.png","WhatsApp RSVP","Ivory Waltz, made for your wedding","Still imagining your wedding in Ivory Waltz? Open the live invitation again. Personalized by our team for ₹1,999, with music, venue directions and WhatsApp RSVP. First draft within 48h. Delivery starts after payment and complete details."
"18","Ever After Bloom","Premium","1999","29","https://invitestory.in/?design=ever-after-bloom&utm_source=meta&utm_medium=paid_social&utm_campaign=design_remarketing&utm_content=ever-after-bloom","https://invitestory.in/assets/preview/16.png","WhatsApp RSVP","Ever After Bloom, made for your wedding","Still imagining your wedding in Ever After Bloom? Open the live invitation again. Personalized by our team for ₹1,999, with music, venue directions and WhatsApp RSVP. First draft within 48h. Delivery starts after payment and complete details."
"19","Saga of Love","Premium","1999","29","https://invitestory.in/?design=saga-of-love&utm_source=meta&utm_medium=paid_social&utm_campaign=design_remarketing&utm_content=saga-of-love","https://invitestory.in/assets/preview/17.png","WhatsApp RSVP","Saga of Love, made for your wedding","Still imagining your wedding in Saga of Love? Open the live invitation again. Personalized by our team for ₹1,999, with music, venue directions and WhatsApp RSVP. First draft within 48h. Delivery starts after payment and complete details."
"30","Lantern Madurai","Premium","1999","29","https://invitestory.in/?design=lantern-madurai&utm_source=meta&utm_medium=paid_social&utm_campaign=design_remarketing&utm_content=lantern-madurai","https://invitestory.in/assets/preview/30.png","WhatsApp RSVP","Lantern Madurai, made for your wedding","Still imagining your wedding in Lantern Madurai? Open the live invitation again. Personalized by our team for ₹1,999, with music, venue directions and WhatsApp RSVP. First draft within 48h. Delivery starts after payment and complete details."
"31","Lotus Leaf Bengaluru","Premium","1999","29","https://invitestory.in/?design=lotus-leaf-bengaluru&utm_source=meta&utm_medium=paid_social&utm_campaign=design_remarketing&utm_content=lotus-leaf-bengaluru","https://invitestory.in/assets/preview/31.png","WhatsApp RSVP","Lotus Leaf Bengaluru, made for your wedding","Still imagining your wedding in Lotus Leaf Bengaluru? Open the live invitation again. Personalized by our team for ₹1,999, with music, venue directions and WhatsApp RSVP. First draft within 48h. Delivery starts after payment and complete details."
"21","Rajwada Royale – Alt","Luxury","2999","45","https://invitestory.in/?design=rajwada-royale-alt&utm_source=meta&utm_medium=paid_social&utm_campaign=design_remarketing&utm_content=rajwada-royale-alt","https://invitestory.in/assets/preview/18.png","WhatsApp RSVP","Rajwada Royale – Alt, made for your wedding","Still imagining your wedding in Rajwada Royale – Alt? Open the live invitation again. Personalized by our team for ₹2,999, with music, venue directions and WhatsApp RSVP. First draft within 48h. Delivery starts after payment and complete details."
"22","Rajmahal Palace","Luxury","2999","45","https://invitestory.in/?design=rajmahal-palace&utm_source=meta&utm_medium=paid_social&utm_campaign=design_remarketing&utm_content=rajmahal-palace","https://invitestory.in/assets/preview/19.png","WhatsApp RSVP","Rajmahal Palace, made for your wedding","Still imagining your wedding in Rajmahal Palace? Open the live invitation again. Personalized by our team for ₹2,999, with music, venue directions and WhatsApp RSVP. First draft within 48h. Delivery starts after payment and complete details."
"23","Midnight Stargaze","Luxury","2999","45","https://invitestory.in/?design=midnight-stargaze&utm_source=meta&utm_medium=paid_social&utm_campaign=design_remarketing&utm_content=midnight-stargaze","https://invitestory.in/assets/preview/20.png","WhatsApp RSVP","Midnight Stargaze, made for your wedding","Still imagining your wedding in Midnight Stargaze? Open the live invitation again. Personalized by our team for ₹2,999, with music, venue directions and WhatsApp RSVP. First draft within 48h. Delivery starts after payment and complete details."
"24","Petal Path Palace","Luxury","2999","45","https://invitestory.in/?design=petal-path-palace&utm_source=meta&utm_medium=paid_social&utm_campaign=design_remarketing&utm_content=petal-path-palace","https://invitestory.in/assets/preview/21.png","WhatsApp RSVP","Petal Path Palace, made for your wedding","Still imagining your wedding in Petal Path Palace? Open the live invitation again. Personalized by our team for ₹2,999, with music, venue directions and WhatsApp RSVP. First draft within 48h. Delivery starts after payment and complete details."
"25","Lakeview Lanterns","Luxury","2999","45","https://invitestory.in/?design=lakeview-lanterns&utm_source=meta&utm_medium=paid_social&utm_campaign=design_remarketing&utm_content=lakeview-lanterns","https://invitestory.in/assets/preview/22.png","WhatsApp RSVP","Lakeview Lanterns, made for your wedding","Still imagining your wedding in Lakeview Lanterns? Open the live invitation again. Personalized by our team for ₹2,999, with music, venue directions and WhatsApp RSVP. First draft within 48h. Delivery starts after payment and complete details."
"26","Moonlit Lotus Barge","Luxury","2999","45","https://invitestory.in/?design=moonlit-lotus-barge&utm_source=meta&utm_medium=paid_social&utm_campaign=design_remarketing&utm_content=moonlit-lotus-barge","https://invitestory.in/assets/preview/23.png","WhatsApp RSVP","Moonlit Lotus Barge, made for your wedding","Still imagining your wedding in Moonlit Lotus Barge? Open the live invitation again. Personalized by our team for ₹2,999, with music, venue directions and WhatsApp RSVP. First draft within 48h. Delivery starts after payment and complete details."
"27","Ganesha Gopuram","Luxury","2999","45","https://invitestory.in/?design=ganesha-gopuram&utm_source=meta&utm_medium=paid_social&utm_campaign=design_remarketing&utm_content=ganesha-gopuram","https://invitestory.in/assets/preview/24.png","WhatsApp RSVP","Ganesha Gopuram, made for your wedding","Still imagining your wedding in Ganesha Gopuram? Open the live invitation again. Personalized by our team for ₹2,999, with music, venue directions and WhatsApp RSVP. First draft within 48h. Delivery starts after payment and complete details."
"28","Wax Seal Royale","Luxury","2999","45","https://invitestory.in/?design=wax-seal-royale&utm_source=meta&utm_medium=paid_social&utm_campaign=design_remarketing&utm_content=wax-seal-royale","https://invitestory.in/assets/preview/25.png","WhatsApp RSVP","Wax Seal Royale, made for your wedding","Still imagining your wedding in Wax Seal Royale? Open the live invitation again. Personalized by our team for ₹2,999, with music, venue directions and WhatsApp RSVP. First draft within 48h. Delivery starts after payment and complete details."
"32","Diya Haveli","Luxury","2999","45","https://invitestory.in/?design=diya-haveli&utm_source=meta&utm_medium=paid_social&utm_campaign=design_remarketing&utm_content=diya-haveli","https://invitestory.in/assets/preview/32.png","WhatsApp RSVP","Diya Haveli, made for your wedding","Still imagining your wedding in Diya Haveli? Open the live invitation again. Personalized by our team for ₹2,999, with music, venue directions and WhatsApp RSVP. First draft within 48h. Delivery starts after payment and complete details."
"33","Gilded Hall","Luxury","2999","45","https://invitestory.in/?design=gilded-hall&utm_source=meta&utm_medium=paid_social&utm_campaign=design_remarketing&utm_content=gilded-hall","https://invitestory.in/assets/preview/33.png","WhatsApp RSVP","Gilded Hall, made for your wedding","Still imagining your wedding in Gilded Hall? Open the live invitation again. Personalized by our team for ₹2,999, with music, venue directions and WhatsApp RSVP. First draft within 48h. Delivery starts after payment and complete details."
"34","Slide to Shaadi","Luxury","2999","45","https://invitestory.in/?design=slide-to-shaadi&utm_source=meta&utm_medium=paid_social&utm_campaign=design_remarketing&utm_content=slide-to-shaadi","https://invitestory.in/assets/preview/34.png","WhatsApp RSVP","Slide to Shaadi, made for your wedding","Still imagining your wedding in Slide to Shaadi? Open the live invitation again. Personalized by our team for ₹2,999, with music, venue directions and WhatsApp RSVP. First draft within 48h. Delivery starts after payment and complete details."
"16","Lake Pichola Royal","Luxury","2999","45","https://invitestory.in/?design=lake-pichola-royal&utm_source=meta&utm_medium=paid_social&utm_campaign=design_remarketing&utm_content=lake-pichola-royal","https://invitestory.in/assets/preview/14.png","WhatsApp RSVP","Lake Pichola Royal, made for your wedding","Still imagining your wedding in Lake Pichola Royal? Open the live invitation again. Personalized by our team for ₹2,999, with music, venue directions and WhatsApp RSVP. First draft within 48h. Delivery starts after payment and complete details."
"35","Magnolia Reverie","Dearly","4999","75","https://invitestory.in/?design=magnolia-reverie&utm_source=meta&utm_medium=paid_social&utm_campaign=design_remarketing&utm_content=magnolia-reverie","https://invitestory.in/dearly/aubergine-magnolia/assets/envelope-first.webp","Email RSVP","Magnolia Reverie, made for your wedding","Still imagining your wedding in Magnolia Reverie? Open the live invitation again. Personalized by our team for ₹4,999, with music, venue directions and Email RSVP. 24h express is included. Delivery starts after payment and complete details."
"36","Golden Camellia","Dearly","4999","75","https://invitestory.in/?design=golden-camellia&utm_source=meta&utm_medium=paid_social&utm_campaign=design_remarketing&utm_content=golden-camellia","https://invitestory.in/dearly/cinnamon-camellia/assets/envelope-first.webp","Email RSVP","Golden Camellia, made for your wedding","Still imagining your wedding in Golden Camellia? Open the live invitation again. Personalized by our team for ₹4,999, with music, venue directions and Email RSVP. 24h express is included. Delivery starts after payment and complete details."
"37","Something Blue","Dearly","4999","75","https://invitestory.in/?design=something-blue&utm_source=meta&utm_medium=paid_social&utm_campaign=design_remarketing&utm_content=something-blue","https://invitestory.in/dearly/cobalt-iris/assets/envelope-first.webp","Email RSVP","Something Blue, made for your wedding","Still imagining your wedding in Something Blue? Open the live invitation again. Personalized by our team for ₹4,999, with music, venue directions and Email RSVP. 24h express is included. Delivery starts after payment and complete details."
"38","The Dahlia Garden","Dearly","4999","75","https://invitestory.in/?design=the-dahlia-garden&utm_source=meta&utm_medium=paid_social&utm_campaign=design_remarketing&utm_content=the-dahlia-garden","https://invitestory.in/dearly/petrol-dahlia/assets/envelope-first.webp","Email RSVP","The Dahlia Garden, made for your wedding","Still imagining your wedding in The Dahlia Garden? Open the live invitation again. Personalized by our team for ₹4,999, with music, venue directions and Email RSVP. 24h express is included. Delivery starts after payment and complete details."
